Time (seconds),strength
0.76,1037
0.86,1045
0.97,1049
1.07,1058
1.18,1032
1.28,1036
1.38,1086
1.49,1049
1.59,1037
1.70,1046
1.80,1049
1.90,1046
2.01,1039
2.11,1048
2.22,1051
2.32,1046
2.42,1043
2.53,1044
2.63,1035
2.74,1032
2.84,1054
2.94,1047
3.05,1035
3.15,1054
3.28,1049
3.38,1040
3.48,1034
3.59,1040
3.69,1049
3.80,1047
3.90,1050
4.00,1043
4.11,1046
4.21,1043
4.32,1040
4.42,1046
4.52,1043
4.63,1051
4.73,1051
4.84,1039
4.94,1051
5.04,1060
5.15,1049
5.25,1058
5.36,1045
5.46,1036
5.56,1045
5.67,1042
5.77,1034
5.90,1058
6.00,1056
6.10,1040
6.21,1043
6.31,1043
6.42,1032
6.52,1045
6.62,1046
6.73,1043
6.83,1048
6.94,1039
7.04,1048
7.14,1043
7.25,1048
7.35,1041
7.46,1062
7.56,1052
7.66,1045
7.77,1051
7.87,1040
7.98,1041
8.08,1039
8.18,1039
8.29,1040
8.39,1048
8.50,1043
8.62,1043
8.72,1038
8.83,1037
8.93,1037
9.04,1052
9.14,1043
9.24,1042
9.35,1031
9.45,1043
9.56,1052
9.66,1047
9.76,1037
9.87,1046
9.97,1046
10.08,1034
10.18,1026
10.28,1052
10.39,1042
10.49,1037
10.60,1032
10.70,1051
10.80,1027
10.91,1048
11.01,1039
11.12,1021
11.24,869
11.34,923
11.44,1051
11.55,1033
11.65,842
11.76,1079
11.86,1043
11.96,1044
12.07,1024
12.17,1271
12.28,1070
12.38,1036
12.48,1030
12.59,1037
12.69,1035
12.80,1044
12.90,1042
13.00,1031
13.11,1055
13.21,1043
13.32,1044
13.42,1038
13.52,1050
13.65,1029
13.75,1044
13.86,1049
13.96,1049
14.06,1050
14.17,1047
14.27,1030
14.38,1026
14.48,1027
14.58,1049
14.69,1055
14.79,1040
14.90,1013
15.00,1044
15.10,1055
15.21,1041
15.31,1055
15.42,1042
15.52,1043
15.62,1050
15.73,1037
15.83,1047
15.94,1038
16.06,1044
16.16,1054
16.27,1038
16.37,1028
16.48,1038
16.58,1042
16.68,1041
16.79,1038
16.89,1038
17.00,1050
17.10,1046
17.20,1047
17.31,1047
17.41,1044
17.52,1035
17.62,1041
17.72,1038
17.83,1044
17.93,1053
18.04,1044
18.14,1043
18.24,1047
18.35,1042
18.45,1044
18.58,1049
18.68,1050
18.78,1041
18.89,1049
18.99,1038
19.10,1054
19.20,1041
19.31,1045
19.41,1047
19.51,1052
19.62,1041
19.72,1054
19.82,1045
19.93,1039
20.03,1049
20.14,1059
20.24,1036
20.34,1049
20.45,1036
20.55,1042
20.66,1044
20.76,1041
20.86,1046
20.99,1047
21.09,1030
21.20,1044
21.30,1040
21.40,1052
21.51,1044
21.61,1034
21.72,1040
21.82,1046
21.92,1044
22.03,1043
22.13,1038
22.24,1052
22.34,1044
22.44,1046
22.55,1035
22.65,1041
22.76,1031
22.86,1051
22.96,1055
23.07,1042
23.17,1048
23.28,1047
23.40,1039
23.50,1041
23.61,1044
23.71,1044
23.82,1039
23.92,1046
24.02,1044
24.13,1325
24.23,1104
24.34,1272
24.44,1574
24.54,1163
24.65,1132
24.75,1131
24.86,844
24.96,1409
25.07,1310
25.17,1065
25.27,1031
25.38,946
25.48,912
25.58,1142
25.69,1097
25.79,998
25.92,980
26.02,1006
26.12,987
1.18,1175
1.28,1038
1.38,1017
1.49,1129
1.63,987
1.73,1093
1.84,1098
1.94,998
2.04,1117
2.15,996
2.25,1296
2.36,933
2.46,999
2.56,1069
2.67,1347
2.77,1047
2.88,850
2.98,1113
3.08,1063
3.19,926
3.29,1120
3.40,1006
3.50,1109
3.71,1097
3.90,1019
4.00,1064
4.10,1088
4.21,1075
4.31,1061
4.50,1019
4.60,1085
4.71,1062
4.81,1085
4.92,1121
5.11,1034
5.21,1171
5.31,1287
5.42,1036
5.52,1158
5.80,1011
5.90,1008
6.01,1049
6.11,1073
6.30,1030
6.40,1106
6.51,944
6.61,1048
6.72,865
6.93,2581
7.06,742
7.16,104
7.35,456
7.45,2069
7.56,2680
7.66,1148
7.76,555
7.95,504
8.06,126
8.16,1917
8.26,2645
8.37,2113
8.56,3095
8.66,964
8.76,781
8.87,1817
8.97,492
9.24,635
9.42,2264
9.53,2389
9.63,2089
9.74,1376
9.84,1245
10.04,1484
10.15,1486
10.25,1426
10.38,979
10.48,729
10.58,1233
10.69,1830
10.79,2108
10.98,1372
11.08,1428
11.19,1835
11.29,1734
11.40,956
11.62,1179
11.72,2183
11.83,1691
11.93,1532
12.04,1459
12.22,1103
12.33,1262
12.43,1434
12.54,1443
12.64,1148
12.83,991
12.93,1160
13.04,1082
13.14,1195
13.26,1762
13.37,1331
13.56,2200
13.66,835
13.77,1127
13.87,1650
13.98,948
14.16,1037
14.27,1269
14.37,1179
14.48,1222
14.58,1051
14.77,1121
14.87,1081
14.98,1082
15.08,1092
15.18,1155
15.37,951
15.48,837
15.58,1051
15.68,1218
15.79,1011
15.98,1126
16.10,1105
16.20,853
16.39,1327
16.50,995
16.60,974
16.70,1267
16.81,904
17.10,1164
17.20,869
17.48,1488
17.58,684
17.69,708
17.79,964
17.98,1145
18.08,1199
18.19,892
18.29,994
18.40,956
18.63,1389
18.74,1159
18.84,983
18.94,1266
19.05,1125
19.24,1305
19.34,1394
19.57,645
19.67,860
19.86,1535
19.96,1343
20.07,1534
20.17,800
20.28,586
20.46,1067
20.57,1219
20.67,992
20.78,1182
20.88,1255
21.07,987
21.17,1144
21.28,1079
21.38,1267
21.48,1164
21.66,955
21.76,928
21.87,988
21.97,1063
22.08,1166
22.26,1058
22.37,1092
22.49,1083
22.68,1099
22.78,1083
22.89,1084
22.99,1101
23.10,1055
23.28,1118
23.39,1107
23.49,1059
23.60,1055
23.70,1340
23.89,1340
23.99,705
24.10,1224
24.20,1266
24.30,1252
24.49,1054
24.60,1089
24.70,1096
24.80,1113
24.91,1062
25.08,1020
25.18,955
25.30,736
25.48,1551
25.58,1486
25.69,1063
25.79,966
25.90,1262
26.08,937
26.19,844
26.29,986
26.40,914
26.50,773
26.72,1454
26.82,1098
26.92,1010
27.03,1050
27.13,1011
27.32,1480
27.42,1209
27.53,1073
27.63,1212
27.74,847
27.92,1179
28.03,1232
28.13,1117
28.26,1013
28.36,1080
28.47,1059
28.57,1133
28.67,1034
28.86,1078
28.96,1076
29.07,1039
29.17,1048
29.28,1054
29.46,1041
29.57,1077
29.67,1070
29.78,1074
29.88,1081
30.07,1088
30.17,979
30.28,651
30.38,581
30.48,979
30.67,1508
30.78,1148
30.88,601
30.98,835
31.11,1230
31.21,1568
31.40,1128
31.50,1004
31.61,987
31.71,1115
31.82,1012
31.99,1487
32.09,1283
32.20,1516
32.30,2165
32.40,914
32.59,813
32.70,1335
32.80,1140
32.90,902
33.01,1344
33.24,907
33.35,983
33.45,1385
33.56,2127
33.66,1587
33.85,757
33.95,380
34.08,205
34.26,2947
34.37,2173
34.47,1251
34.58,234
34.68,1865
34.87,1043
34.97,1314
35.08,1412
35.18,950
35.28,1500
35.47,893
35.58,1000
35.68,1088
35.78,1175
35.89,1743
36.08,1317
36.18,922
36.28,319
36.39,518
36.49,2803
36.68,956
36.78,1148
36.89,1160
37.01,767
37.12,602
37.22,1099
37.41,2116
37.51,1027
37.62,1148
37.72,1043
37.82,720
38.01,1415
38.12,1086
38.22,981
38.32,993
38.43,935
38.62,1056
38.72,1070
38.82,1137
38.93,1004
39.03,937
39.22,1088
39.32,1084
39.43,1074
39.53,1014
39.64,1373
39.82,1550
39.95,518
40.06,259
40.34,2247
40.44,1387
40.54,1120
40.65,1105
40.84,1333
40.94,1341
41.04,1157
41.15,900
41.25,926
41.51,1040
41.70,1075
41.80,976
41.90,1030
42.01,1349
42.11,1150
42.30,1234
42.40,1763
42.51,1244
42.61,286
42.72,1188
42.90,1280
43.01,116
43.13,854
43.32,1535
43.42,52
43.53,635
43.63,2080
43.74,236
43.92,2885
44.03,1034
44.13,796
44.24,1016
44.34,1209
44.52,558
44.62,1188
44.72,1024
44.83,1218
44.93,1013
45.12,1211
45.22,1204
45.33,872
45.43,1049
45.54,1222
45.71,1128
45.81,1091
45.92,902
46.04,933
46.14,1203
46.25,1205
46.44,1035
46.54,1144
46.64,953
46.75,1059
46.85,992
47.04,1053
47.14,962
47.25,1105
47.35,780
47.46,1821
47.64,1074
47.75,1148
47.85,775
47.96,914
48.06,1094
48.28,1013
48.38,797
48.48,1178
48.59,1177
48.69,1104
48.88,1118
49.00,1063
49.11,990
49.30,1040
49.40,1069
49.50,1044
49.61,1024
49.71,996
49.90,1069
50.00,1015
50.11,1025
50.21,1049
50.32,1039
50.50,1035
50.61,1039
50.71,1031
50.82,1048
50.92,1032
51.11,1038
51.21,1054
51.32,1013
51.42,1038
51.52,1023
51.71,1026
51.84,1036
51.94,1022
52.22,1017
52.32,1043
52.42,1051
52.53,1029
52.72,1036
52.82,1012
52.92,1043
53.03,1035
53.13,1041
53.30,1026
53.41,1032
53.51,1030
53.62,1024
53.72,1038
53.91,1025
54.01,1032
54.12,1032
54.22,1028
54.32,1031
54.58,1034
54.77,1011
54.87,1031
55.00,1039
55.18,1021
55.29,1024
55.39,1005
55.50,1039
55.60,1083
55.79,1034
55.89,1030
56.00,1016
56.10,1008
56.20,1020
56.38,1043
56.48,1002
56.58,1036
56.69,1043
56.79,1020
56.98,1045
57.08,1039
57.19,1044
57.29,1036
57.40,1040
57.65,1032
57.84,1070
57.96,996
58.07,1033
58.26,1006
58.36,1044
58.46,1039
58.57,1035
58.67,1066
58.86,1882
58.96,1301
59.07,789
59.17,1146
59.28,740
59.55,1628
59.66,1396
59.76,1301
59.86,907
60.05,748
60.16,701
60.26,1077
60.36,1758
60.47,1768
60.66,1229
60.77,1246
60.87,1545
61.00,1366
61.10,1022
61.21,928
61.43,978
61.54,1166
61.64,990
61.74,1174
61.85,1252
62.04,1079
62.14,1157
62.24,1018
62.35,1086
62.45,1026
62.64,1178
62.74,1113
62.85,1100
62.95,1106
63.06,1069
63.24,999
63.35,1092
63.45,1012
63.56,1265
63.66,1163
63.87,1107
64.06,1038
64.16,1049
64.26,1218
64.37,987
64.47,1032
64.64,1064
64.75,1026
64.85,1054
64.96,1063
65.06,1075
65.25,1000
65.35,1080
65.46,1052
65.56,1062
65.66,1017
65.85,1147
65.96,1003
66.06,1058
66.16,1088
66.27,971
66.53,922
66.72,1011
66.82,1101
67.06,1055
67.28,947
67.38,939
67.48,1055
67.59,1153
67.69,1145
67.86,1151
67.96,982
68.07,999
68.17,1132
68.28,1164
68.47,1042
68.57,1136
68.67,1109
68.78,1049
68.88,1008
69.10,1057
69.20,1036
69.30,1071
69.41,1066
69.51,1052
69.70,1094
69.80,1084
69.91,1104
70.03,1209
70.14,1058
70.24,1023
70.43,1121
70.53,1097
70.64,909
70.74,942
70.84,1166
71.03,848
71.14,1023
71.24,1109
71.34,997
71.45,1285
71.66,1153
71.77,1113
71.87,1388
71.98,1338
72.08,1152
72.37,931
72.48,1212
72.70,1068
72.80,1011
72.90,1351
73.03,1211
73.14,1102
73.32,927
73.43,1227
73.53,1283
73.64,1092
73.74,1141
73.93,993
74.03,1365
74.14,854
74.24,1200
74.34,1010
74.53,1069
74.64,1165
74.74,1623
74.84,1988
74.95,339
75.19,1313
75.29,1199
75.39,1180
75.50,1212
75.60,1116
75.79,1036
75.89,1268
76.02,1012
76.20,986
76.31,1370
76.41,1080
76.52,1132
76.62,944
76.81,1246
76.91,1343
77.02,912
77.12,1036
77.22,1067
77.45,1094
77.55,1071
77.66,1365
77.76,2010
77.86,597
78.05,2485
78.16,1064
78.26,704
78.36,562
78.47,2708
78.66,719
78.76,1390
78.87,979
78.99,843
79.09,592
79.20,1434
79.39,1369
79.49,1179
79.59,1049
79.70,1240
79.80,782
80.08,870
80.18,810
80.28,934
80.39,1581
80.58,1146
80.68,1177
80.78,914
80.89,1044
80.99,1095
81.19,1055
81.29,1460
81.40,1794
81.50,834
81.60,609
81.79,864
81.90,1428
82.02,1138
82.30,751
82.40,1078
82.51,975
82.61,1226
82.80,975
82.90,899
83.01,1046
83.11,1136
83.22,1184
83.43,1092
83.54,1008
83.64,1203
83.74,1175
83.85,975
84.04,1120
84.14,1226
84.24,1543
84.35,1358
84.45,893
84.64,1187
84.74,1674
84.85,1279
84.95,984
85.08,999
85.18,1012
85.37,1281
85.47,1110
85.58,871
85.68,645
85.78,1568
86.02,1269
86.12,1768
86.23,1178
86.33,1132
86.44,1001
86.62,1294
86.73,1289
86.83,1297
86.94,681
87.04,995
87.23,1032
87.33,1240
87.44,1078
87.54,905
87.64,1097
87.84,722
87.94,880
88.07,1160
88.26,977
88.36,1135
88.46,975
88.57,1740
88.67,558
88.86,855
88.96,1323
89.07,911
89.17,1346
89.28,988
89.46,1018
89.57,1164
89.67,896
89.78,1140
89.88,1033
90.07,986
90.17,963
90.28,1058
90.38,1051
90.48,1048
90.67,1020
90.78,1022
90.88,1030
91.00,1049
91.11,1017
91.21,1043
91.40,879
91.50,1457
91.61,839
91.71,1048
91.82,1021
92.00,1081
92.11,1015
92.21,1030
92.32,960
92.42,963
92.65,1060
92.76,967
92.86,1102
92.96,955
93.07,1038
93.26,1003
93.36,945
93.46,968
93.57,1065
93.67,1031
93.86,974
93.98,994
94.09,1008
94.28,991
94.38,979
94.48,998
94.59,1041
94.69,960
94.88,971
94.98,1006
95.09,1017
95.19,1232
95.30,1128
95.48,992
95.59,860
95.69,810
95.80,1408
95.90,1471
96.09,1100
96.19,1027
96.30,873
96.40,1371
96.50,1283
96.74,1037
96.84,906
96.95,1277
97.06,1383
97.25,1562
97.36,2778
97.46,1222
97.56,687
97.67,555
97.89,2192
97.99,2320
98.10,1674
98.20,1115
98.30,828
98.49,707
98.60,1438
98.70,1736
98.80,1401
98.91,1388
99.10,2579
99.20,1527
99.30,807
99.41,817
99.51,1363
99.70,2071
99.80,1912
99.93,1270
100.17,949
100.28,774
100.38,848
100.48,995
100.59,1259
100.78,1095
100.88,874
100.98,1065
101.09,1042
101.19,1161
101.38,1013
101.48,1500
101.59,1263
101.69,872
101.80,1168
102.01,1260
102.12,918
102.22,1050
102.32,1060
102.43,1168
102.62,1155
102.74,950
102.84,905
103.10,1078
103.29,1384
103.40,1064
103.50,1024
103.60,869
103.71,875
103.90,1182
104.00,1325
104.10,1202
104.21,949
104.31,1007
104.50,1130
104.60,1207
104.71,1086
104.81,899
104.92,1064
105.10,924
105.21,1005
105.31,943
105.42,1143
105.54,1036
105.73,1214
105.84,1009
105.94,993
106.04,1104
106.15,974
106.34,1191
106.44,1030
106.54,1067
106.65,1019
106.75,861
106.94,1283
107.04,1060
107.15,1184
107.25,1023
107.36,969
107.59,1019
107.70,987
107.80,1148
107.90,1120
108.01,1041
108.20,990
108.32,1060
108.42,1017
108.70,1006
108.81,1162
108.91,1069
109.02,940
109.20,1057
109.31,974
109.41,991
109.52,1037
109.62,1062
109.82,1131
109.92,1301
110.02,2066
110.13,1145
110.23,814
110.42,1449
110.52,1413
110.63,1938
110.73,1221
110.84,1868
111.02,682
111.15,1739
111.25,1507
111.44,1724
111.54,1506
111.65,657
111.75,789
111.86,1579
112.04,1275
112.15,1422
112.25,934
112.36,762
112.46,1244
112.65,1019
112.75,1121
112.86,1361
112.96,1863
113.06,763
113.25,1157
113.36,717
113.46,2194
113.56,1809
113.67,752
114.08,780
114.27,1359
114.37,1484
114.48,1214
114.58,1300
114.68,1094
114.87,1066
114.98,796
115.08,914
115.18,1099
115.29,1210
115.48,1168
115.58,1135
115.68,1104
115.79,1087
115.89,1051
116.08,1156
116.18,1337
116.29,933
116.39,1010
116.50,1049
116.69,1322
116.80,1010
116.91,1020
117.01,883
117.30,1029
117.40,874
117.50,1024
117.61,1069
117.80,983
117.90,912
118.00,1087
118.11,1085
118.21,1348
118.41,1088
118.51,999
118.62,998
118.72,1200
118.82,1176
118.99,1086
119.10,1007
119.20,987
119.30,1081
119.43,1690
119.53,1638
119.72,1588
119.83,1478
119.93,778
120.03,1014
120.14,1099
120.32,549
120.43,1214
120.53,1532
120.64,1493
120.74,1111
120.93,1114
121.03,1110
121.14,1097
121.24,1346
121.34,2696
121.53,788
121.64,627
121.74,931
121.84,904
121.95,815
122.13,1240
122.32,2444
122.42,2570
122.52,1181
122.63,1472
122.73,1079
122.96,879
123.06,1249
123.16,1183
123.27,1087
123.37,835
123.70,1160
123.81,1046
124.07,1100
124.17,806
124.28,1273
124.38,1392
124.57,1165
124.67,1079
124.78,1108
124.88,1061
124.98,1080
125.20,951
125.39,1305
125.50,1781
125.60,1447
125.70,320
125.81,300
126.00,1267
126.10,1317
126.21,1529
126.31,1719
126.42,998
126.52,770
126.62,982
126.81,2730
126.92,1554
127.02,530
127.12,439
127.23,895
127.44,1909
127.55,1197
127.65,1016
127.76,906
127.88,962
127.98,1832
128.19,813
128.30,1136
128.40,1393
128.50,1352
128.61,1524
128.80,1161
128.90,1058
129.00,1450
129.11,945
129.21,1004
129.40,1199
129.51,1456
129.61,1550
129.71,1251
129.82,951
129.99,972
130.09,1401
130.20,1720
130.30,789
130.40,397
130.61,1140
130.84,1107
130.94,986
131.05,1543
131.15,1244
131.26,705
131.44,1198
131.55,1037
131.65,935
131.76,1050
131.86,953
132.05,1192
132.15,998
132.26,1071
132.36,798
132.46,859
132.74,1216
132.84,883
132.95,1138
133.05,1183
133.24,1081
133.34,1014
133.47,1063
133.66,995
133.76,944
133.86,951
133.97,992
134.07,1045
134.26,1312
134.37,968
134.47,832
134.57,1151
134.68,1162
134.96,1325
135.07,899
135.31,1225
135.41,890
135.52,887
135.62,761
135.72,816
135.91,1604
136.02,920
136.12,964
136.22,1036
136.35,1097
136.45,1060
136.64,1067
136.74,1107
136.85,1284
136.95,1105
137.06,1002
137.24,1087
137.35,919
137.45,1081
137.56,1164
137.66,1081
137.92,1142
138.10,709
138.21,1032
138.31,1113
138.42,1379
138.52,1304
138.71,1029
138.81,1271
138.92,858
139.02,1124
139.15,874
139.25,806
139.44,1627
139.54,1823
139.64,1362
139.75,1123
139.85,1156
140.04,1525
140.14,1517
140.25,877
140.35,800
140.46,933
140.64,1406
140.75,1316
140.85,1355
140.96,1199
141.06,1205
141.25,1414
141.35,1163
141.46,1220
141.56,860
141.66,1263
141.87,1126
142.12,1103
142.31,1053
142.41,1199
142.52,1089
142.62,1036
142.72,1005
142.91,1156
143.02,1076
143.12,1052
143.22,1056
143.33,1060
143.64,1076
143.82,1060
143.93,1044
144.03,1060
144.14,1068
144.24,1064
144.43,1056
144.53,1028
144.64,1064
144.76,1104
144.86,1024
144.97,1056
145.16,1040
145.26,1064
145.36,1064
145.47,1064
145.57,1012
145.76,1124
145.86,1040
145.97,1096
146.07,1068
146.18,1016
146.36,1056
146.47,1064
146.57,1032
146.68,1044
146.78,1052
146.97,1076
147.07,1072
147.18,1060
147.29,1048
147.49,1044
147.59,1076
147.86,1052
148.05,1060
148.15,1056
148.26,1064
148.36,1076
148.46,1060
148.65,1032
148.76,1007
148.86,1048
148.96,1048
149.07,1092
149.32,1044
149.50,1052
149.61,1044
149.71,1056
149.82,1056
149.92,1056
150.16,1060
150.35,1056
150.48,1052
150.58,1064
150.77,1072
150.87,1040
150.98,1060
151.08,1068
151.18,1056
151.37,1064
151.48,1044
151.58,1068
151.68,1052
151.79,1056
152.06,1056
152.17,1028
152.27,1060
152.38,1040
152.56,1060
152.67,1060
152.77,1044
152.88,1076
152.98,1068
153.20,1064
153.39,1056
153.49,1052
153.60,1068
153.70,1056
153.80,1060
153.99,1056
154.10,1064
154.20,1060
154.30,1064
154.41,1056
154.65,1072
154.84,1060
154.94,1060
155.05,1048
155.15,1060
155.26,1064
155.44,1064
155.55,1056
155.65,1052
155.76,1060
155.87,1064
155.98,1056
156.17,1056
156.28,1056
156.38,1052
156.48,1064
156.59,1064
156.78,1060
156.88,1044
156.98,1052
157.09,1056
157.19,1052
157.38,1056
157.48,1056
157.59,1060
157.69,1052
157.80,1068
158.07,1048
158.17,1060
158.28,1060
158.38,1060
158.57,1056
158.80,1044
158.91,1064
159.10,1060
159.20,1056
159.30,1052
159.41,1104
159.51,1060
159.70,1060
159.80,1056
159.91,1048
160.01,1056
160.12,1052
160.35,1052
160.46,1060
160.56,1044
160.66,1056
160.77,1052
160.96,1024
161.06,1068
161.16,1052
161.27,1040
161.39,1072
161.50,1048
161.68,1060
161.79,1064
161.89,1052
162.00,1056
162.10,1052
162.29,1064
162.39,1044
162.50,1052
162.60,1044
162.70,1052
162.92,1044
163.02,1060
163.13,1052
163.23,1056
163.34,1052
163.52,1052
163.63,1060
163.73,1048
163.84,1060
163.95,1032
164.06,1064
164.25,1056
164.36,1052
164.46,1056
164.56,1052
164.67,1052
164.86,1056
164.96,1048
165.06,1068
165.17,1052
165.27,1060
165.55,1052
165.65,1056
165.76,1056
165.86,1056
166.05,1096
166.15,1040
166.26,1056
166.36,1056
166.46,1060
166.68,1060
166.80,1092
166.91,1048
167.10,1060
167.20,1088
167.30,1108
167.41,1060
167.51,1056
167.77,1068
167.96,1056
168.06,1060
168.17,1064
168.27,1064
168.38,1048
168.57,1060
168.67,1060
168.77,1060
168.88,1060
168.98,1056
169.27,1060
169.37,1068
169.65,1060
169.78,1056
170.02,1068
170.12,1048
170.22,1052
170.33,1060
170.43,1060
170.62,1052
170.72,1064
170.83,1056
170.93,1060
171.04,1044
171.22,1088
171.33,1032
171.43,1056
171.54,1052
171.64,1052
171.92,1052
172.02,1048
172.12,1056
172.23,1004
172.42,1064
172.53,1064
172.72,1072
172.83,1056
173.05,1601
173.15,1103
173.26,1145
173.36,1231
173.46,1101
173.65,888
173.76,940
173.86,1098
173.96,1049
174.07,953
174.26,1152
174.36,1438
174.46,756
174.57,1190
174.67,1042
174.91,1363
175.01,998
175.12,1104
175.22,910
175.34,1076
175.45,933
175.66,1319
175.76,1141
175.86,1132
175.97,1124
176.07,988
176.26,1218
176.36,961
176.47,1008
176.57,1144
176.68,1421
176.86,1025
176.97,839
177.07,865
177.18,1256
177.28,1851
177.45,944
177.56,958
177.66,1083
177.76,919
177.87,1644
178.08,1084
178.24,743
178.34,1067
178.45,1173
178.55,1130
178.66,1070
178.84,992
178.95,1037
179.05,985
179.16,1303
179.26,1449
179.50,962
179.60,867
179.70,1006
179.81,1273
179.91,1372
180.10,874
180.20,1037
180.31,1169
180.41,1474
180.52,1264
180.70,883
180.83,826
180.93,988
181.12,1281
181.22,894
181.33,754
181.43,1050
181.54,1210
181.70,1329
181.80,1320
181.90,915
182.01,721
182.11,917
182.30,1608
182.40,1161
182.51,761
182.61,1085
182.72,1296
182.89,1254
182.99,1309
183.10,943
183.20,716
183.31,865
183.50,1596
183.61,1209
183.72,928
183.82,1040
184.01,1656
184.11,1259
184.22,1236
184.32,855
184.42,689
184.61,1633
184.72,1526
184.82,1208
184.92,930
185.03,1081
185.22,1225
185.32,1140
185.42,1281
185.53,1030
185.63,766
185.82,1077
185.92,1723
186.03,1306
186.16,836
186.26,968
186.51,1130
186.61,1265
186.72,1350
186.82,1021
186.92,837
187.11,1399
187.22,1439
187.32,1215
187.42,749
187.53,795
187.72,1249
187.82,1417
187.92,1407
188.03,1034
188.13,819
188.32,1346
188.42,1395
188.53,1154
188.63,845
188.74,1003
188.96,1862
189.14,1507
189.25,937
189.35,669
189.46,749
189.56,1523
189.75,1688
189.85,928
189.96,937
190.06,1362
190.17,1523
190.35,1439
190.46,916
190.56,690
190.66,767
190.77,1435
190.96,1383
191.06,840
191.16,879
191.27,1196
191.37,1230
191.56,1345
191.68,1087
191.79,863
191.98,990
192.08,1610
192.18,1236
192.29,886
192.39,920
192.58,1280
192.68,1712
192.79,1294
192.89,1063
193.00,867
193.18,921
193.29,1548
193.39,1513
193.50,1191
193.60,954
193.79,1214
193.89,1230
194.00,1227
194.10,1210
194.20,918
194.56,1589
194.74,978
194.85,870
194.95,987
195.06,1213
195.16,1068
195.35,1305
195.45,944
195.56,784
195.66,854
195.76,982
195.95,1399
196.06,962
196.16,783
196.26,958
196.37,1143
196.56,1408
196.66,1435
196.76,967
196.87,664
196.97,952
197.16,1546
197.26,1365
197.39,740
197.58,1361
197.68,1401
197.78,1439
197.89,1399
197.99,986
198.18,687
198.28,965
198.39,2010
198.49,1979
198.60,1016
198.78,982
198.89,1530
198.99,2031
199.10,1759
199.20,1194
199.39,814
199.49,775
199.60,1934
199.70,2448
199.80,1224
199.98,1266
200.10,1378
200.21,1834
200.38,1575
200.49,930
200.59,688
200.70,794
200.80,1829
200.99,1393
201.09,1071
201.20,1219
201.30,1367
201.40,1784
201.64,820
201.74,593
201.85,894
201.95,1805
202.06,1763
202.24,828
202.35,1143
202.45,1391
202.56,1429
202.66,1375
203.07,884
203.26,1813
203.36,1257
203.47,905
203.57,1052
203.68,1333
203.84,1354
203.94,1238
204.05,820
204.15,661
204.26,987
204.44,1436
204.55,799
204.65,965
204.76,1215
204.86,1370
205.16,1098
205.26,816
205.45,822
205.55,1748
205.66,1692
205.76,1029
205.88,941
205.99,1257
206.18,1807
206.28,1407
206.38,933
206.49,825
206.59,816
206.78,1577
206.88,1823
206.99,1078
207.09,937
207.20,1204
207.38,1591
207.49,1439
207.59,1027
207.70,813
207.80,834
207.99,1504
208.09,1693
208.20,984
208.30,878
208.40,1163
208.61,1397
208.80,945
208.90,877
209.01,854
209.11,1042
209.22,1546
209.40,1116
209.51,861
209.61,1035
209.72,1146
209.82,1695
210.01,1216
210.11,992
210.22,778
210.32,861
210.42,1537
210.61,1173
210.71,800
210.82,1094
210.92,1243
211.02,1379
211.21,1210
211.34,845
211.44,792
211.63,1325
211.73,1214
211.84,1077
211.94,918
212.04,1072
212.23,1167
212.34,1397
212.44,1189
212.54,819
212.65,738
212.85,1525
212.96,1094
213.06,1089
213.16,768
213.27,901
213.46,1311
213.56,1418
213.66,1171
213.77,848
213.87,717
214.13,1504
214.32,1116
214.42,787
214.52,996
214.63,1123
214.73,1308
214.95,1151
215.06,956
215.16,824
215.26,990
215.37,1628
215.56,722
215.66,722
215.76,1089
215.87,1363
215.97,1483
216.16,1185
216.27,882
216.37,836
216.48,1017
216.58,1459
216.77,1046
216.89,935
217.00,1254
217.18,1555
217.29,1462
217.39,1068
217.50,841
217.60,773
217.82,1765
217.92,1406
218.03,665
218.13,923
218.24,1508
218.42,1407
218.53,1070
218.63,810
218.74,925
218.84,962
219.05,1518
219.16,805
219.26,783
219.36,1233
219.47,1393
219.68,1354
219.92,920
220.02,970
220.13,1328
220.23,1538
220.34,1172
220.52,1259
220.63,1315
220.73,1460
220.84,1643
220.94,961
221.13,659
221.23,1283
221.34,2184
221.44,1144
221.55,804
221.73,925
221.84,969
221.94,1388
222.04,1080
222.15,1240
222.34,854
222.46,1022
222.56,1109
222.75,1401
222.86,1128
222.96,976
223.06,831
223.17,1078
223.36,1057
223.46,1182
223.56,1037
223.67,949
223.77,1113
223.96,995
224.06,1013
224.17,1088
224.27,1082
224.38,1101
224.56,943
224.67,964
224.77,1058
224.88,1078
224.98,979
225.19,1533
225.38,831
225.48,984
225.59,1044
225.69,1080
225.80,1117
225.98,712
226.09,888
226.19,1281
226.30,979
226.40,795
226.59,1314
226.69,1356
226.80,1127
226.90,986
227.00,1006
227.19,1473
227.30,1118
227.40,1069
227.50,738
227.61,801
227.77,1104
227.90,1188
228.00,872
228.30,1188
228.40,1054
228.59,1134
228.70,1060
228.80,1049
228.91,1082
229.01,1022
229.20,1039
229.30,1136
229.40,1012
229.51,1009
229.61,1093
229.80,1044
229.90,973
230.01,1121
230.11,1074
230.22,1066
230.42,1005
230.52,1073
230.63,1035
230.75,1074
230.86,976
230.96,1024
231.06,1068
231.17,1017
231.36,951
231.46,1074
231.56,1053
231.67,1151
231.77,1018
231.96,963
232.06,1042
232.17,1201
232.27,1025
232.38,1048
232.56,1046
232.67,1057
232.77,891
232.88,1450
232.98,1536
233.17,597
233.30,723
233.40,866
233.59,1720
233.69,1326
233.80,725
233.90,658
234.00,1139
234.22,1264
234.32,975
234.42,1021
234.53,959
234.63,1409
234.82,1079
234.92,1410
235.03,1471
235.13,1552
235.24,885
235.45,1485
235.55,1583
235.66,354
235.76,1009
235.86,1545
236.07,1127
236.26,976
236.37,1081
236.47,943
236.57,1300
236.68,1670
236.86,518
236.97,1233
237.07,1143
237.18,899
237.28,1191
237.47,1358
237.57,795
237.68,796
237.78,1080
237.88,941
238.07,1211
238.18,1182
238.28,771
238.38,751
238.49,999
238.68,990
238.78,1066
238.90,1248
239.09,1157
239.20,1128
239.30,1130
239.40,1040
239.51,1170
239.70,871
239.80,1361
239.90,1286
240.01,1119
240.11,1152
240.30,1254
240.40,1152
240.51,1109
240.61,1156
240.72,973
240.90,996
241.01,880
241.11,1131
241.22,1023
241.32,1001
241.53,1162
241.71,1170
241.81,1489
241.92,997
242.02,1243
242.12,904
242.31,927
242.42,1217
242.52,1231
242.62,1142
242.73,1009
242.98,1057
243.17,926
243.28,928
243.38,1023
243.48,1511
243.59,1060
243.78,1108
243.88,993
243.98,1154
244.09,1358
244.19,1201
244.40,1323
244.59,1105
244.69,1112
244.80,977
244.90,1017
245.00,998
245.19,1179
245.30,1066
245.40,1049
245.50,1077
245.61,1094
245.80,1108
245.90,1099
246.00,1105
246.11,891
246.21,1695
246.40,900
246.50,1022
246.60,1335
246.71,1168
246.81,1010
247.00,1063
247.24,1084
247.34,1157
247.51,1109
247.61,1074
247.72,1079
247.82,1049
247.92,1116
248.11,1122
248.22,1084
248.32,1076
248.42,1083
248.53,1090
248.72,1087
248.82,1083
248.92,1088
249.03,1075
249.13,1086
249.32,1103
249.42,1083
249.53,1079
249.63,1083
249.76,1097
249.86,1098
250.05,1090
250.15,1087
250.26,1092
250.36,1089
250.46,1090
250.64,1085
250.74,1082
250.85,1085
250.95,1072
251.06,999
251.25,1073
251.35,1121
251.45,1070
251.56,1076
251.66,1060
251.94,1121
252.04,1038
252.14,1153
252.25,1076
252.44,1012
252.56,1045
252.66,1042
252.85,1108
252.96,1131
253.06,1156
253.16,1071
253.27,1097
253.51,1068
253.70,1084
253.80,1037
253.91,1100
254.01,1063
254.12,1101
254.30,1150
254.41,1101
254.51,1097
254.62,1107
254.72,1077
254.91,1067
255.01,1124
255.12,1093
255.24,1079
255.34,1066
255.45,1055
255.64,1063
255.74,1029
255.84,1113
255.95,1033
256.05,1064
256.26,1098
256.36,1064
256.47,1072
256.57,1089
256.68,1050
256.86,1128
256.97,1098
257.07,1079
257.18,1092
257.28,1100
257.47,1118
257.58,1049
257.68,1146
257.80,1015
257.91,881
258.01,951
258.18,1523
258.28,1212
258.38,1075
258.49,1124
258.59,1068
258.78,1099
258.88,1150
258.99,1100
259.09,1067
259.20,1083
259.37,1052
259.47,1187
259.58,1129
259.68,1070
259.78,1124
259.97,1119
260.08,1122
260.18,1082
260.28,1078
260.41,1087
260.51,1097
260.70,1066
260.81,1053
260.91,1055
261.02,1161
261.12,1097
261.31,1189
261.41,1025
261.52,1092
261.62,1080
261.72,1074
261.91,1070
262.02,1075
262.12,1099
262.22,1075
262.33,1085
262.52,1086
262.62,1085
262.72,1094
262.83,1095
262.95,1088
263.06,1085
263.25,1091
263.35,1094
263.45,1084
263.56,1083
263.66,1092
263.90,1083
264.00,1089
264.10,1074
264.21,1092
264.31,1087
264.50,1034
264.60,1056
264.71,1096
264.81,1095
264.92,1094
265.08,1103
265.19,1077
265.29,1112
265.40,1075
265.52,1165
265.71,1067
265.82,1063
265.92,1074
266.02,1068
266.13,1067
266.32,1091
266.42,1092
266.52,1093
266.63,1075
266.73,1085
266.92,1079
267.02,1084
267.13,1072
267.23,1085
267.34,1085
267.52,1088
267.63,1085
267.73,1088
267.84,1083
267.94,1084
268.13,1086
268.25,1083
268.36,1085
268.54,1085
268.65,1085
268.75,1089
268.86,1080
268.96,1088
269.12,1082
269.23,1087
269.33,1082
269.44,1077
269.54,1089
269.73,1082
269.83,1082
269.94,1082
270.04,1084
270.14,1082
270.33,1082
270.44,1079
270.54,1088
270.64,1092
270.77,1083
270.87,1089
270.98,1081
271.08,1089
271.24,1089
271.35,1091
271.45,1083
271.56,1087
271.66,1084
271.85,1089
271.95,1088
272.06,1085
272.16,1082
272.26,1083
272.44,1085
272.54,1093
272.65,1088
272.75,1088
272.85,1089
273.04,1083
273.14,1085
273.27,1093
273.46,1089
273.56,1085
273.66,1086
273.77,1086
273.87,1086
274.06,1086
274.16,1074
274.27,1079
274.37,1080
274.48,1085
274.66,1085
274.77,1089
274.87,1080
274.98,1078
275.08,1089
275.27,1094
275.37,1080
275.48,1088
275.58,1091
275.68,1084
275.87,1089
276.00,1073
276.10,1105
276.29,1070
276.39,1057
276.50,1063
276.60,1065
276.70,1109
276.89,1097
277.00,1108
277.10,1058
277.20,1106
277.31,1057
277.53,1074
277.63,1126
277.74,1144
277.84,1110
277.94,1079
278.13,1099
278.24,1072
278.34,1104
278.44,1084
278.57,1087
278.67,1073
278.86,1099
278.96,1084
279.07,1086
279.17,1096
279.28,1095
279.46,1084
279.57,1107
279.67,1086
279.78,1079
279.88,1097
280.07,1086
280.18,1088
280.28,1086
280.38,1097
280.49,1086
280.68,1090
280.78,1094
280.88,1083
280.99,1081
281.11,1094
281.22,1095
281.32,1088
281.42,1090
281.60,1082
281.71,1086
281.81,1089
281.92,1095
282.02,1087
282.21,1080
282.31,1095
282.42,1080
282.52,1075
282.62,1090
282.81,1090
282.92,1114
283.02,1086
283.12,1078
283.23,1096
283.42,1089
283.52,1090
283.62,1087
283.75,1091
283.85,1091
283.96,1084
284.13,1085
284.23,1079
284.34,1079
284.44,1094
284.54,1087
284.73,1095
284.84,1077
284.94,1076
285.04,1093
285.15,1089
285.34,1080
285.44,1089
285.54,1100
285.65,1084
285.75,1084
285.97,1090
286.07,1077
286.18,1090
286.30,1086
286.40,1080
286.51,1088
286.61,1086
286.72,1089
286.90,1099
287.01,1090
287.11,1093
287.22,1086
287.32,1093
287.51,1093
287.61,1091
287.72,1089
287.82,1088
287.92,1097
288.13,1092
288.23,1093
288.34,1080
288.44,1093
288.54,1093
288.73,1084
288.96,1104
289.06,1082
289.17,1088
289.34,1086
289.44,1082
289.54,1090
289.65,1097
289.75,1095
289.94,1064
290.04,1090
290.15,1084
290.25,1086
290.36,1092
290.59,1091
290.69,1081
290.80,1079
290.90,1087
291.00,1094
291.19,1074
291.30,1133
291.40,1086
291.50,1076
291.63,1083
291.73,1090
291.92,1095
292.02,1090
292.13,1089
292.23,1086
292.34,1091
292.53,1090
292.63,1091
292.73,1084
292.84,1083
292.94,1082
293.14,1089
293.24,1095
293.34,1102
293.45,1082
293.55,1075
293.74,1088
293.84,1093
293.95,1087
294.05,1079
294.18,1089
294.28,1102
294.38,1082
294.49,1084
294.68,1103
294.78,1095
294.88,1089
294.99,1107
295.09,1082
295.32,1098
295.42,1089
295.52,1096
295.63,1091
295.73,1080
295.92,1100
296.02,1086
296.13,1095
296.23,1088
296.34,1089
296.50,1088
296.61,1076
296.74,1077
296.92,1102
297.03,1084
297.13,1093
297.24,1082
297.34,1091
297.53,1064
297.63,1093
297.74,1087
297.84,1078
297.94,1087
298.13,1091
298.24,1093
298.34,1087
298.44,1093
298.55,1112
298.74,1068
298.84,1093
298.95,1091
299.05,1080
299.15,1097
299.34,1084
299.46,1090
299.57,1080
299.76,1078
299.86,1099
299.96,1095
300.07,1093
300.17,1096
300.36,1088
300.46,1090
300.57,1093
300.67,1079
300.78,1088
300.96,1090
301.07,1093
301.17,1088
301.28,1086
301.38,1082
301.57,1089
301.67,1088
301.78,1101
301.88,1093
302.00,1095
302.11,1088
302.30,1088
302.40,1088
302.50,1092
302.61,1085
302.71,1092
302.91,1083
303.01,1092
303.12,1093
303.22,1097
303.32,1095
303.51,1091
303.62,1078
303.72,1086
303.82,1089
303.93,1085
304.14,1091
304.24,1093
304.35,1093
304.45,1087
304.58,1089
304.68,1091
304.78,1094
304.89,1093
305.08,1093
305.18,1091
305.28,1089
305.39,1087
305.49,1093
305.65,1089
305.76,1086
305.86,1077
305.96,1084
306.07,1107
306.26,1086
306.36,1091
306.47,1077
306.57,1089
306.68,1093
306.86,1082
306.97,1091
307.07,1094
307.20,1089
307.30,1093
307.40,1087
307.51,1093
307.61,1091
307.80,1089
307.90,1087
308.01,1094
308.11,1087
308.22,1096
308.40,1075
308.51,1114
308.61,1065
308.72,1088
308.82,1096
309.01,1087
309.11,1098
309.22,1096
309.32,1082
309.42,1089
309.59,1088
309.71,1089
309.82,1093
310.01,1086
310.12,1086
310.22,1089
310.32,1089
310.43,1091
310.62,1082
310.72,1091
310.82,1094
310.93,1092
311.03,1080
311.20,1087
311.31,1094
311.41,1093
311.52,1082
311.62,1087
311.81,1096
311.92,1093
312.02,1082
312.12,1093
312.25,1087
312.44,1096
312.54,1089
312.65,1091
312.75,1085
312.86,1082
313.08,1098
313.19,1085
313.29,1093
313.40,1085
313.50,1091
313.69,1089
313.79,1093
313.90,1084
314.00,1084
314.10,1095
314.27,1093
314.38,1087
314.48,1084
314.58,1089
314.69,1086
314.88,1081
315.00,1088
315.10,1097
315.29,1082
315.40,1086
315.50,1084
315.60,1090
315.71,1093
315.90,1084
316.00,1082
316.10,1090
316.21,1079
316.31,1095
316.50,1092
316.60,1086
316.71,1102
316.81,1096
316.92,1090
317.10,1090
317.21,1088
317.31,1096
317.42,1089
317.54,1091
317.64,1091
317.75,1089
317.85,1095
318.04,1091
318.14,1087
318.25,1100
318.35,1094
318.46,1096
318.64,1089
318.75,1091
318.85,1086
318.96,1100
319.06,1091
319.25,1078
319.35,1088
319.46,1087
319.56,1102
319.66,1091
319.89,1097
319.99,1086
320.12,1091
320.31,1086
320.42,1090
320.52,1089
320.62,1090
320.73,1075
320.92,1082
321.02,1102
321.12,1089
321.23,1078
321.33,1103
321.50,1093
321.60,1087
321.71,1082
321.81,1096
321.92,1090
322.10,1215
322.21,1109
322.31,1077
322.42,1098
322.52,1113
322.71,1091
322.83,1107
322.94,1078
323.12,1091
323.23,1094
323.33,1077
323.44,1138
323.54,1161
323.72,1207
323.82,1189
323.93,1083
324.03,853
324.14,1153
324.32,1122
324.43,979
324.53,1319
324.64,927
324.74,1332
324.93,1099
325.03,1071
325.14,1072
325.24,1140
325.37,1119
325.58,1057
325.68,1102
325.79,1074
325.89,1125
326.00,1113
326.18,1133
326.29,1073
326.39,1104
326.50,1163
326.60,1075
326.77,1083
326.87,1112
326.98,976
327.08,931
327.18,1073
327.37,1019
327.48,1078
327.58,1189
327.68,1146
327.79,1602
327.98,1088
328.10,810
328.20,1184
328.39,1095
328.50,1176
328.60,1079
328.70,1086
328.81,1110
329.00,1055
329.10,1100
329.20,1143
329.31,1085
329.41,1086
329.60,1098
329.70,1082
329.81,1122
329.91,1074
330.02,1063
330.26,1107
330.45,1104
330.56,1085
330.66,1074
330.90,1095
331.00,1089
331.11,1080
331.21,1082
331.40,1054
331.50,1125
331.61,1080
331.71,1089
331.82,1053
332.00,1077
332.11,1094
332.21,1097
332.32,1093
332.42,1082
332.61,1108
332.71,1103
332.82,1088
332.92,1078
333.03,1093
333.21,1090
333.32,1100
333.43,1084
333.54,1078
333.73,1111
333.83,1084
333.94,1083
334.04,1087
334.14,1100
334.33,1096
334.44,1061
334.54,1087
334.64,1088
334.75,1085
335.01,1090
335.20,1083
335.30,1096
335.40,1086
335.51,1093
335.61,1090
335.80,1090
335.90,1077
336.01,1089
336.11,1099
336.24,1081
336.34,1090
336.44,1084
336.55,1085
336.80,1081
336.99,1075
337.10,1101
337.20,1107
337.30,1065
337.41,1093
337.65,1080
337.84,1088
337.94,1079
338.05,1087
338.15,1078
338.26,1088
338.44,1084
338.55,1097
338.65,1115
338.76,1095
338.86,1082
339.07,1073
339.26,1094
339.36,1073
339.46,1078
339.57,1072
339.67,1073
339.87,1059
339.98,1084
340.08,1102
340.18,1076
340.29,1104
340.48,1080
340.58,1055
340.68,1094
340.79,1082
340.89,1079
341.16,1092
341.27,1086
341.37,1083
341.48,1090
341.66,1092
341.78,1085
342.05,1073
342.15,1089
342.46,1095
342.56,1081
342.75,1122
342.85,1088
342.96,1061
343.06,1095
343.16,1084
343.35,1100
343.46,1074
343.56,1097
343.66,1070
343.77,1093
343.96,1081
344.06,1090
344.16,1071
344.27,1071
344.37,1107
344.66,1101
344.76,1077
344.88,1092
344.99,1099
345.09,1101
345.20,1085
345.30,1084
345.54,1071
345.73,1081
345.84,1074
345.94,1096
346.04,1095
346.15,1077
346.43,1094
346.54,1122
346.72,1089
346.83,1103
346.93,1090
347.04,1038
347.14,1084
347.33,1004
347.43,1126
347.54,1077
347.66,1136
347.76,1222
347.87,1212
347.97,1030
348.08,1277
348.26,1089
348.37,1085
348.47,1061
348.58,1484
348.68,957
348.87,1091
348.97,1093
349.08,1010
349.18,1100
349.29,2065
349.46,1089
349.56,974
349.66,1224
349.77,1095
349.87,1051
350.06,1106
350.16,1099
350.29,1105
350.48,1126
350.58,1089
350.68,1189
350.79,1104
350.89,898
351.08,954
351.18,1205
351.29,1059
351.39,1504
351.50,1129
351.74,1105
351.93,1127
352.03,1150
352.14,1186
352.24,1143
352.34,1017
352.61,1171
352.71,952
352.82,957
352.92,1188
353.13,2260
353.32,1089
353.42,1301
353.52,1258
353.63,884
353.73,1553
353.92,934
354.03,792
354.13,1550
354.23,1428
354.34,1094
354.52,957
354.63,1040
354.73,1025
354.84,962
354.94,1082
355.17,1080
355.27,848
355.38,756
355.48,1597
355.58,927
355.77,971
355.90,1043
356.00,1093
356.19,1031
356.29,1027
356.40,1066
356.50,1482
356.60,1804
356.79,692
356.90,894
357.00,1582
357.10,1141
357.21,1268
357.39,980
357.49,1030
357.60,1099
357.70,942
357.80,1001
358.02,1141
358.12,953
358.22,981
358.33,1222
358.43,1636
358.64,1070
358.82,1018
358.92,1054
359.03,1057
359.13,1205
359.24,1630
359.42,751
359.53,1145
359.63,1223
359.74,1055
359.84,1008
360.03,1131
360.13,1674
360.24,1243
360.34,1215
360.44,881
360.66,1237
360.76,1085
360.87,1799
360.97,1584
361.08,1015
361.26,2315
361.39,993
361.49,1476
361.68,856
361.78,1252
361.89,1023
361.99,1192
362.10,1552
362.27,948
362.38,857
362.48,1115
362.58,1348
362.69,1274
362.88,1076
362.98,1216
363.09,973
363.19,928
363.30,1594
363.48,1128
363.59,663
363.69,889
363.80,1417
363.90,1479
364.20,936
364.30,1353
364.49,1154
364.59,1733
364.70,829
364.80,800
364.90,727
365.09,1274
365.20,1717
365.30,1289
365.40,519
365.51,922
365.70,913
365.80,1370
365.90,901
366.01,682
366.11,875
366.43,1169
366.62,877
366.72,1216
366.83,1918
366.93,2242
367.06,1510
367.16,1226
367.26,1149
367.37,992
367.56,1408
367.66,1222
367.76,836
367.87,932
367.97,1397
368.14,1595
368.25,1586
368.35,1109
368.46,1147
368.56,952
368.75,1482
368.85,1395
368.96,1126
369.06,1003
369.16,1280
369.35,1512
369.46,973
369.56,978
369.68,1034
369.79,1647
369.89,1527
370.08,883
370.18,1263
370.29,1247
370.39,1552
370.50,1733
370.67,1098
370.77,718
370.88,911
370.98,2017
371.08,2131
371.27,1022
371.38,1374
371.48,1684
371.58,1308
371.69,1044
371.88,987
371.98,1153
372.09,1341
372.20,1722
372.40,746
372.50,1058
372.69,1595
372.79,1418
372.90,970
373.00,769
373.10,893
373.29,1683
373.40,1134
373.50,579
373.60,1053
373.71,1393
373.90,1403
374.00,1113
374.10,1086
374.21,1089
374.31,1152
374.50,1477
374.60,1157
374.71,1261
374.81,1212
375.04,2076
375.15,1710
375.34,317
375.44,52
375.54,1341
375.65,898
375.75,808
375.92,1383
376.02,1355
376.13,1018
376.23,1465
376.34,487
376.44,1166
376.54,1971
376.73,781
376.84,279
376.94,677
377.05,1712
377.15,1586
377.35,217
377.46,355
377.56,736
377.66,1217
377.79,1078
377.89,2176
378.00,1714
378.10,1454
378.29,1464
378.39,1694
378.50,1129
378.60,1403
378.70,964
378.89,1139
379.00,1288
379.10,1136
379.20,1221
379.31,1430
379.47,1749
379.57,1043
379.68,754
379.78,698
379.88,1289
380.07,1321
380.18,604
380.30,1080
380.49,1761
380.59,1381
380.70,945
380.80,987
380.90,961
381.09,1691
381.20,1000
381.30,504
381.40,914
381.51,1297
381.73,1481
381.84,1014
381.94,910
382.04,657
382.15,1177
382.34,1674
382.44,957
382.54,951
382.65,1393
382.75,1428
382.92,1448
383.04,978
383.15,1045
383.32,1577
383.43,1683
383.53,1282
383.64,1041
383.74,1199
383.93,1670
384.03,1571
384.14,1188
384.24,1181
384.34,982
384.53,1529
384.64,1577
384.74,1555
384.84,1672
384.95,1451
385.18,2433
385.29,1736
385.39,1365
385.50,848
385.60,983
385.81,2369
386.05,1205
386.16,1201
386.26,1894
386.36,2258
386.47,2015
386.66,818
386.76,1196
386.86,2264
386.97,2104
387.07,1542
387.26,1300
387.36,1685
387.47,1919
387.57,1617
387.68,1532
387.86,980
387.97,1474
388.07,2185
388.18,1324
388.28,881
388.47,1269
388.59,1356
388.70,1149
388.88,801
388.99,1044
389.09,1262
389.20,1366
389.30,926
389.50,1317
389.61,1476
389.71,1834
389.82,1754
389.92,1131
390.11,761
390.21,1668
390.32,1166
390.42,1144
390.52,925
390.76,1304
390.86,1542
390.96,1050
391.07,403
391.19,513
391.30,1582
391.46,2482
391.56,1305
391.67,839
391.77,801
391.88,1449
392.06,1620
392.17,1487
392.27,1092
392.38,827
392.48,739
392.67,1767
392.77,1557
392.88,1286
392.98,1068
393.08,1116
393.27,1917
393.38,1656
393.48,1025
393.58,894
393.69,740
393.90,2023
394.11,804
394.21,1139
394.32,1513
394.42,1430
394.52,1437
394.71,896
394.82,792
394.92,901
395.02,1359
395.13,1446
395.34,935
395.44,1069
395.55,1476
395.65,1594
395.76,1553
395.94,923
396.05,669
396.15,951
396.26,1967
396.36,1601
396.53,732
396.65,1085
396.76,1249
396.93,1604
397.04,1220
397.14,964
397.24,983
397.35,775
397.54,1541
397.64,949
397.75,701
397.85,919
397.95,1094
398.14,1580
398.24,1023
398.35,749
398.45,700
398.56,1360
398.77,809
398.88,708
398.98,907
399.08,1287
399.19,1609
399.38,1672
399.50,1212
399.60,809
399.79,1100
399.90,2042
400.00,1367
400.10,1316
400.21,970
400.38,1328
400.49,2110
400.59,1177
400.70,956
400.80,824
400.99,1222
401.09,1898
401.20,1275
401.30,1065
401.40,1114
401.59,1185
401.70,1105
401.80,1355
401.90,1094
402.03,1014
402.13,1064
402.24,1069
402.34,1432
402.50,1255
402.61,1125
402.71,1196
402.82,1175
402.92,1095
403.11,967
403.21,1091
403.32,1060
403.42,1117
403.52,1110
403.71,1083
403.82,1066
403.92,1081
404.02,1071
404.13,1057
404.34,1056
404.45,1057
404.55,1058
404.68,1064
404.78,1067
404.88,1075
405.07,1069
405.17,1059
405.28,1055
405.38,1062
405.48,1050
405.67,1081
405.78,1062
405.88,1059
405.98,1077
406.09,1258
406.26,819
406.36,1131
406.47,1272
406.57,929
406.68,963
406.86,1067
406.97,982
407.07,1090
407.20,1134
407.30,1074
407.49,1099
407.60,1181
407.70,1115
407.80,981
407.91,818
408.10,1181
408.20,1219
408.30,1215
408.41,1122
408.51,1073
408.70,1151
408.80,1068
408.91,954
409.01,943
409.12,1017
409.30,1217
409.41,1123
409.51,999
409.62,1028
409.72,981
409.93,1244
410.16,1249
410.26,1132
410.37,1069
410.47,1085
410.58,1097
410.76,1243
410.87,1167
410.97,1006
411.08,992
411.18,1199
411.35,1082
411.45,1052
411.56,1063
411.66,1048
411.76,1088
411.95,957
412.06,1078
412.16,1085
412.26,1128
412.37,1012
412.56,1164
412.68,1070
412.78,1010
412.97,1145
413.08,1137
413.18,1036
413.28,1013
413.39,1051
413.58,1043
413.68,1031
413.78,1092
413.89,1075
413.99,1104
414.18,767
414.28,752
414.39,1148
414.49,1256
414.60,1332
414.84,1651
415.03,784
415.14,1112
415.24,1195
415.37,1044
415.47,1074
415.65,1068
415.75,1075
415.86,1067
415.96,1061
416.06,1040
416.25,1086
416.36,1056
416.46,1109
416.56,1147
416.67,917
416.86,968
416.96,1098
417.06,1012
417.17,1062
417.27,1040
417.51,1118
417.61,1040
417.72,1054
417.82,1057
417.92,1091
418.35,1067
418.45,1078
418.64,1072
418.74,1072
418.85,1075
418.95,1050
419.06,1032
419.28,1065
419.39,1071
419.49,1067
419.60,1069
419.70,1071
419.89,1038
419.99,1064
420.10,1063
420.20,1011
420.30,1132
420.49,1250
420.60,1057
420.70,1113
420.80,977
420.93,1001
421.03,961
421.14,1048
421.24,1062
421.42,1120
421.52,1087
421.63,1083
421.73,1017
421.84,1047
422.02,1079
422.13,1061
422.23,1054
422.34,1060
422.44,1074
422.63,1044
422.73,1096
422.84,1059
422.94,1047
423.04,1124
423.22,1065
423.32,1070
423.42,1081
423.55,1036
423.65,1085
423.76,1065
423.86,1056
423.96,1077
424.16,1075
424.27,1080
424.37,1055
424.48,1057
424.58,1060
424.77,1077
424.87,1041
424.98,1059
425.08,1095
425.18,1065
425.37,1114
425.48,1040
425.58,1021
425.68,1083
425.79,1130
425.98,1033
426.10,981
426.20,1105
426.39,1230
426.50,1149
426.60,1050
426.70,1050
426.81,1077
427.00,1043
427.10,1052
427.20,1036
427.31,1158
427.41,1053
427.64,1080
427.74,1124
427.84,1038
427.95,1098
428.05,982
428.24,970
428.34,1147
428.45,978
428.55,1194
428.66,1086
428.86,1035
429.05,1075
429.16,1079
429.26,1142
429.36,1213
429.47,909
429.66,1137
429.76,1104
429.86,1117
429.97,1106
430.07,1002
430.26,1114
430.36,1024
430.46,1054
430.57,1074
430.67,1083
430.86,1078
430.96,1042
431.07,986
431.17,1150
431.28,1125
431.49,1080
431.65,1091
431.75,1127
431.86,1115
431.96,1132
432.06,1138
432.25,1232
432.36,1186
432.46,1022
432.56,980
432.67,825
432.86,912
432.96,1063
433.06,1050
433.17,1103
433.27,1095
433.44,1098
433.55,979
433.65,867
433.76,1025
433.86,1067
434.05,1017
434.17,974
434.28,1415
434.46,1104
434.57,1256
434.67,1075
434.78,1067
434.88,1083
435.07,1056
435.17,1011
435.28,1142
435.38,1159
435.48,1032
435.64,1272
435.75,1060
435.85,1005
435.96,1103
436.06,1117
436.29,1099
436.40,1081
436.50,1077
436.60,1098
436.73,1201
436.83,1017
436.94,1090
437.04,885
437.23,1216
437.33,1130
437.44,987
437.54,966
437.64,993
437.83,1061
437.94,1288
438.04,1176
438.14,828
438.25,943
438.41,1014
438.51,1045
438.62,1161
438.72,1047
438.82,1040
439.01,994
439.12,1088
439.22,1245
439.34,1294
439.45,1162
439.55,1054
439.66,947
439.76,923
439.95,1056
440.05,957
440.16,1186
440.26,1080
440.36,995
440.55,1064
440.66,1024
440.76,984
440.86,1285
440.97,1344
441.16,622
441.26,931
441.36,1210
441.47,1208
441.57,1141
441.76,819
441.86,966
441.99,1033
442.18,872
442.28,1026
442.39,1147
442.49,929
442.60,1067
442.78,1020
442.89,1089
442.99,981
443.10,1093
443.20,1024
443.40,1011
443.50,1091
443.60,951
443.71,1064
443.81,1029
444.00,1130
444.10,1098
444.21,1054
444.31,856
444.42,1151
444.61,1004
444.73,1013
444.83,1425
445.02,961
445.12,571
445.23,1113
445.33,1171
445.44,1002
445.62,1129
445.73,922
445.83,1038
445.94,1222
446.04,837
446.23,1145
446.33,1344
446.44,858
446.54,1004
446.64,1036
446.83,850
446.94,1315
447.04,973
447.14,1214
447.25,800
447.50,840
447.68,1194
447.79,1005
447.89,1056
448.00,1106
448.10,886
448.32,1260
448.42,953
448.53,1146
448.63,1029
448.74,1064
448.92,873
449.03,1086
449.13,930
449.24,1170
449.34,1187
449.53,979
449.63,1036
449.74,1061
449.84,1049
449.94,1251
450.13,962
450.26,1163
450.36,863
450.55,1165
450.65,948
450.76,1059
450.86,1227
450.96,1000
451.20,1230
451.31,896
451.41,1034
451.52,1140
451.62,1012
451.81,1013
451.91,965
452.02,1093
452.12,1144
452.23,1040
452.41,1008
452.52,1028
452.62,1212
452.72,983
452.83,976
453.04,990
453.22,1093
453.33,1102
453.43,1108
453.54,1027
453.64,1030
453.87,930
453.97,987
454.08,1228
454.18,1078
454.28,1031
454.47,1483
454.58,883
454.68,1266
454.78,879
454.89,989
455.08,1143
455.18,1021
455.28,1115
455.39,926
455.49,945
455.68,956
455.80,1310
455.91,1234
456.11,666
456.21,1251
456.32,1168
456.42,1367
456.52,1140
456.71,737
456.82,954
456.92,1502
457.03,1026
457.13,1129
457.32,741
457.42,799
457.52,783
457.63,1152
457.73,1257
457.92,952
458.02,1294
458.13,1706
458.23,1101
458.34,733
458.54,1371
458.73,933
458.84,941
458.94,1066
459.04,1206
459.15,979
459.34,1180
459.44,1274
459.54,1594
459.65,1983
459.75,1484
459.92,1585
460.02,1921
460.13,1334
460.23,1019
460.34,655
460.52,1749
460.63,1123
460.73,810
460.84,966
460.94,1107
461.13,1399
461.36,766
461.46,795
461.56,945
461.80,1454
461.91,1360
462.01,1136
462.11,969
462.22,983
462.40,1135
462.51,720
462.61,938
462.72,1068
462.82,1141
463.01,918
463.11,1071
463.22,1075
463.32,1046
463.42,1325
463.61,832
463.72,873
463.82,1152
463.92,977
464.05,1299
464.15,1485
464.26,1164
464.36,1187
464.55,717
464.65,924
464.76,1060
464.86,1254
464.96,1539
465.15,437
465.26,785
465.36,1240
465.46,1582
465.57,1256
465.80,1077
465.90,1141
466.00,1179
466.11,1397
466.21,979
466.40,888
466.50,1358
466.61,1416
466.73,971
466.84,1035
466.94,962
467.04,1033
467.15,1094
467.34,1054
467.44,681
467.54,929
467.65,1146
467.75,1037
467.93,1103
468.04,1366
468.14,932
468.24,973
468.35,910
468.54,1090
468.64,1095
468.74,1459
468.85,1265
468.95,1050
469.14,1038
469.24,1052
469.37,1537
469.56,1259
469.66,806
469.76,938
469.87,1341
469.97,1157
470.22,1207
470.40,871
470.51,818
470.61,1353
470.72,1187
470.82,753
471.04,1077
471.15,1145
471.25,858
471.36,1740
471.46,1351
471.65,905
471.75,682
471.86,1102
471.96,1655
472.06,1163
472.34,917
472.53,1316
472.63,1298
472.74,1266
472.84,989
472.94,1109
473.16,899
473.27,1647
473.37,1655
473.48,1230
473.58,1318
473.77,1209
473.87,1336
473.98,1797
474.08,1325
474.18,1223
474.37,664
474.48,816
474.58,1564
474.68,2203
474.79,1182
475.00,1074
475.18,1427
475.29,1471
475.39,1125
475.50,1158
475.60,1012
475.83,1192
475.93,1413
476.04,1220
476.14,928
476.24,1070
476.43,1246
476.54,1319
476.64,1308
476.74,956
476.85,937
477.02,1174
477.12,1474
477.22,1167
477.33,925
477.43,1059
477.62,1124
477.74,1140
477.85,1749
478.04,1128
478.14,978
478.24,888
478.35,1109
478.45,1325
478.64,787
478.74,1029
478.85,1050
478.95,1159
479.06,1182
479.26,965
479.36,1023
479.47,1035
479.57,879
479.68,1145
479.86,923
479.97,1029
480.07,1065
480.18,980
480.28,1060
480.49,1203
480.68,955
480.78,901
480.88,1003
480.99,1166
481.09,1372
481.28,953
481.38,1123
481.49,1020
481.59,1127
481.70,1310
481.92,1053
482.03,935
482.13,1024
482.24,1163
482.34,1093
482.53,895
482.63,1044
482.74,1056
482.84,1009
482.94,1229
483.11,1301
483.24,1189
483.34,1141
483.53,815
483.63,966
483.74,1317
483.84,1010
483.94,980
484.13,1021
484.24,1001
484.34,1188
484.44,1399
484.55,636
484.74,1307
484.84,1028
484.94,1152
485.05,760
485.15,1104
485.40,989
485.58,1154
485.69,1106
485.79,700
485.90,1164
486.02,1113
486.12,1218
486.23,1027
486.33,848
486.52,1137
486.62,845
486.73,1035
486.83,1440
486.94,1291
487.15,1056
487.26,1355
487.36,1351
487.46,955
487.57,621
487.76,1077
487.86,1286
487.96,1348
488.07,1255
488.17,1129
488.36,1466
488.46,1061
488.59,873
488.78,840
488.88,881
488.99,1240
489.09,1389
489.20,1177
489.38,1128
489.49,1082
489.59,1106
489.70,1142
489.80,1304
489.99,833
490.09,929
490.20,1250
490.30,1149
490.40,947
490.66,1043
490.85,984
490.96,1131
491.06,1163
491.16,882
491.27,926
491.56,1132
491.66,1172
491.83,1093
491.94,1097
492.04,1082
492.14,1018
492.25,920
492.44,1059
492.54,1169
492.64,1050
492.75,1143
492.85,1103
493.04,1131
493.14,922
493.25,1016
493.35,1102
493.46,1027
493.63,1200
493.73,1056
493.84,1026
493.94,1029
494.04,1076
494.25,990
494.42,1126
494.52,1131
494.62,1072
494.73,1112
494.83,1078
495.02,999
495.12,1012
495.23,1002
495.33,1036
495.44,1092
495.62,1071
495.73,1028
495.83,1041
495.94,1050
496.04,1003
496.26,1129
496.36,1076
496.46,1132
496.57,1183
496.67,1091
496.88,1149
497.06,1046
497.16,1202
497.27,1079
497.37,1071
497.48,978
497.66,1202
497.77,1059
497.87,1029
497.98,922
498.08,1084
498.27,1135
498.37,1016
498.48,1053
498.58,1093
498.68,1162
498.90,1007
499.00,1081
499.11,1030
499.21,988
499.32,1261
499.50,1143
499.63,1163
499.74,1194
499.93,822
500.03,1130
500.14,1025
500.24,696
500.34,1054
500.62,1107
500.72,1039
500.82,1055
500.93,863
501.12,1247
501.22,1103
501.32,973
501.43,1077
501.53,1088
501.72,1148
501.82,1165
501.93,1529
502.03,696
502.14,1074
502.33,1113
502.46,1093
502.56,1077
502.75,1072
502.85,1372
502.96,1269
503.06,1778
503.16,1042
503.35,1028
503.46,1132
503.56,1016
503.66,1074
503.77,966
504.03,1112
504.22,1222
504.32,1233
504.42,812
504.53,1179
504.63,1258
504.79,1152
504.90,1044
505.00,1107
505.24,1103
505.34,955
505.45,1146
505.55,1087
505.78,1057
505.89,1062
505.99,1006
506.10,1126
506.20,1170
506.39,1036
506.49,863
506.60,1019
506.70,1135
506.80,1773
506.99,1625
507.10,2033
507.20,754
507.30,249
507.41,1673
507.60,1386
507.70,685
507.81,886
507.94,905
508.04,1077
508.23,1308
508.33,1304
508.44,684
508.54,1308
508.64,1164
508.81,1027
508.91,1074
509.02,1349
509.12,1365
509.22,764
509.44,1158
509.54,1041
509.64,1215
509.75,1211
509.85,1551
510.04,817
510.14,954
510.25,1172
510.35,1230
510.46,1161
510.77,1191
510.88,1157
510.98,1072
511.19,1269
511.30,988
511.40,1126
511.50,764
511.61,1121
511.80,846
511.90,1115
512.00,1185
512.11,1196
512.21,1072
512.40,934
512.50,809
512.61,942
512.71,1465
512.82,1219
513.00,990
513.11,1112
513.21,1191
513.32,1153
513.44,1080
513.54,807
513.65,921
513.75,1193
513.94,1143
514.04,1139
514.15,1186
514.25,1142
514.36,974
514.54,1074
514.65,1200
514.75,1010
514.86,1012
514.96,1040
515.15,1175
515.25,1097
515.36,1002
515.46,1069
515.56,1159
515.75,952
515.86,1248
515.98,1246
516.17,1166
516.27,1069
516.38,1357
516.48,1351
516.58,909
516.77,817
516.88,1247
516.98,1926
517.08,1331
517.19,985
517.38,1202
517.48,1054
517.58,1013
517.69,990
517.79,1225
517.98,1191
518.08,1199
518.19,1127
518.29,1120
518.40,1050
518.60,1224
518.73,913
518.83,824
519.04,1305
519.15,1292
519.25,1375
519.36,1115
519.46,802
519.65,948
519.75,1346
519.86,1436
519.96,1433
520.06,1159
520.23,1179
520.34,809
520.44,722
520.54,1285
520.65,2128
520.84,1085
520.94,954
521.04,1190
521.15,1228
521.25,1302
521.46,1272
521.65,745
521.75,878
521.86,1592
521.96,1345
522.06,989
522.25,917
522.36,1201
522.46,1135
522.57,1487
522.67,1431
522.88,626
522.98,999
523.09,1530
523.19,905
523.30,1115
523.48,1138
523.59,741
523.69,1492
523.80,1261
523.90,1032
524.07,1443
524.19,1484
524.30,1218
524.48,938
524.59,1133
524.69,1093
524.80,1001
524.90,1078
525.09,966
525.19,1143
525.30,944
525.40,1465
525.50,1312
525.69,970
525.80,797
525.90,1131
526.00,1249
526.11,1274
526.29,936
526.39,1062
526.50,922
526.60,894
526.70,1129
526.91,1638
527.10,1388
527.20,1053
527.31,810
527.41,837
527.52,1247
527.74,1128
527.85,1095
527.95,1029
528.06,1223
528.16,1363
528.35,1496
528.45,1166
528.56,609
528.66,784
528.76,898
528.95,802
529.06,1168
529.16,1022
529.26,1022
529.37,1167
529.56,1263
529.68,788
529.78,1078
529.97,1736
530.08,1344
530.18,1031
530.28,1383
530.39,721
530.58,911
530.68,1105
530.78,1297
530.89,1454
530.99,833
531.20,814
531.30,1060
531.40,1448
531.51,1064
531.61,1390
531.80,698
531.90,994
532.01,1302
532.11,1167
532.22,1427
532.49,806
532.68,1321
532.78,1026
532.89,1561
532.99,708
533.10,896
533.34,1189
533.44,1288
533.55,1476
533.65,676
533.75,887
533.94,1118
534.04,1455
534.15,1571
534.25,867
534.36,773
534.54,1145
534.65,1259
534.75,1132
534.86,1536
534.96,741
535.15,793
535.27,1183
535.38,1374
535.56,1805
535.67,670
535.77,854
535.88,1243
535.98,952
536.17,1134
536.27,1737
536.38,689
536.48,889
536.58,1103
536.81,1242
536.91,1084
537.02,1424
537.12,789
537.22,749
537.41,821
537.52,1107
537.62,1283
537.72,1225
537.83,1083
538.12,961
538.23,1063
538.42,996
538.52,933
538.62,953
538.73,925
538.83,1116
539.02,1085
539.13,1067
539.23,1249
539.33,907
539.44,1029
539.62,1074
539.73,1139
539.83,1064
539.94,1058
540.04,1083
540.24,1154
540.34,1148
540.45,962
540.55,1144
540.66,948
540.86,1252
541.13,1213
541.32,956
541.42,1014
541.52,1022
541.63,956
541.73,1115
541.89,1251
542.00,987
542.10,1069
542.20,1057
542.31,1097
542.50,1061
542.60,1010
542.70,1008
542.81,1051
542.91,1209
543.10,1057
543.20,866
543.31,1123
543.41,1180
543.53,1234
543.64,1066
543.82,1155
543.93,922
544.03,1045
544.14,1058
544.24,921
544.42,1263
544.52,1204
544.62,942
544.73,1120
544.83,988
545.02,1069
545.12,1114
545.23,1041
545.33,1045
545.44,924
545.62,1249
545.73,1004
545.83,1017
545.94,971
546.04,1192
546.26,1033
546.45,1063
546.55,1128
546.66,1194
546.76,1199
546.86,604
547.06,1109
547.17,972
547.27,1076
547.38,1169
547.48,893
547.67,1127
547.77,1001
547.88,1151
547.98,1051
548.08,1024
548.30,1178
548.40,1072
548.50,981
548.61,1131
548.71,1095
548.90,1042
549.13,1093
549.23,1069
549.34,989
549.50,1172
549.61,1009
549.71,979
549.82,1156
549.92,1053
550.11,1126
550.21,1100
550.32,1002
550.42,990
550.52,1126
550.71,1017
550.82,966
550.92,1192
551.02,961
551.13,1087
551.32,813
551.42,1390
551.52,944
551.63,1104
551.75,974
551.86,1058
551.96,1079
552.06,1095
552.25,1063
552.36,1069
552.46,1059
552.56,1026
552.67,1034
552.90,1112
553.00,1003
553.11,1093
553.21,1062
553.32,1026
553.50,1068
553.61,1053
553.71,1058
553.82,1054
553.92,1075
554.09,1019
554.19,1075
554.32,1090
554.49,1066
554.60,1076
554.70,1044
554.80,1055
554.91,1065
555.10,1035
555.20,1065
555.30,1045
555.41,1053
555.51,1070
555.70,1069
555.80,1057
555.91,1063
556.01,1050
556.12,1056
556.30,1090
556.41,1012
556.51,1019
556.62,1087
556.72,1170
556.91,979
557.03,1125
557.14,1228
557.32,1123
557.43,832
557.53,928
557.64,1240
557.74,932
557.93,1220
558.03,974
558.14,1092
558.24,1150
558.34,1023
558.53,806
558.64,1311
558.74,976
558.84,1043
558.95,1233
559.16,1309
559.26,989
559.37,818
559.47,917
559.58,925
559.78,1297
559.97,971
560.08,803
560.18,882
560.28,1000
560.39,977
560.58,1046
560.68,1547
560.78,1712
560.89,629
560.99,1288
561.20,1076
561.30,1337
561.41,984
561.51,1317
561.62,814
561.80,1249
561.91,1049
562.01,1126
562.12,840
562.22,648
562.41,1080
562.54,1518
562.64,822
562.83,1137
562.93,1090
563.04,1140
563.14,1298
563.24,843
563.43,1143
563.54,1070
563.64,1133
563.74,906
563.85,1161
564.05,1176
564.15,829
564.26,1186
564.36,1066
564.46,1126
564.65,1269
564.76,1100
564.86,990
564.96,1231
565.07,1223
565.28,1423
565.46,971
565.57,1032
565.67,1096
565.78,966
565.88,1141
566.07,938
566.17,1138
566.28,1473
566.38,764
566.48,581
566.67,1256
566.78,1200
566.88,1115
566.98,1171
567.09,1154
567.28,974
567.38,810
567.48,1384
567.59,1116
567.69,1047
567.86,1189
567.99,1129
568.09,1036
568.28,1225
568.38,842
568.49,832
568.59,1064
568.70,1101
568.88,1077
568.99,1009
569.09,1062
569.20,1045
569.30,1106
569.49,807
569.59,908
569.70,1425
569.80,912
569.90,1157
570.11,1280
570.21,1227
570.32,1072
570.42,1240
570.54,857
570.65,630
570.75,1038
570.86,1522
571.04,1718
571.15,1680
571.25,1211
571.36,1066
571.46,995
571.62,1105
571.72,973
571.83,946
571.93,1166
572.04,1148
572.22,1146
572.33,986
572.43,963
572.54,972
572.64,1224
572.81,1120
572.92,993
573.02,1072
573.13,1025
573.40,1467
573.50,1280
573.80,1107
573.91,1102
574.10,1011
574.20,1124
574.30,1175
574.41,1264
574.51,1166
574.70,1117
574.80,1120
574.91,1054
575.01,1048
575.12,979
575.30,1092
575.41,939
575.51,936
575.62,1280
575.72,1140
575.91,1119
576.01,1106
576.14,1065
576.32,1098
576.43,1085
576.53,842
576.64,1225
576.74,1490
576.93,1259
577.03,1068
577.14,1012
577.24,1088
577.34,993
577.53,1276
577.64,1107
577.74,1149
577.84,948
577.95,1126
578.14,975
578.24,1049
578.34,1387
578.45,968
578.55,1049
578.77,1433
578.90,1350
579.00,1384
579.20,1608
579.30,1103
579.40,1155
579.51,1028
579.61,1171
579.80,1178
579.90,1076
580.01,975
580.11,947
580.22,1115
580.40,1445
580.51,973
580.61,1182
580.72,1106
580.82,1037
581.01,1195
581.11,1580
581.22,900
581.32,886
581.42,1313
581.63,920
581.82,1145
581.92,1423
582.03,1180
582.13,1037
582.24,1087
582.42,1032
582.53,1083
582.63,1036
582.74,1145
582.84,1330
583.03,1245
583.13,1115
583.24,964
583.34,1190
583.44,914
583.63,1127
583.74,1211
583.84,1105
583.94,1186
584.05,1050
584.26,971
584.45,1328
584.55,951
584.66,1094
584.76,1233
584.86,927
585.05,990
585.16,1046
585.26,1137
585.36,1035
585.47,1073
585.68,1132
585.78,950
585.89,1149
585.99,972
586.10,1217
586.28,1011
586.39,1332
586.49,961
586.60,1082
586.70,1281
586.91,1085
587.04,1172
587.14,1161
587.34,1157
587.44,1168
587.54,1029
587.65,1074
587.75,1121
587.94,1077
588.04,1086
588.15,1073
588.25,1036
588.36,1123
588.55,1050
588.65,1078
588.76,1096
588.86,1062
588.96,1068
589.15,1076
589.26,1047
589.36,1086
589.46,1111
589.59,1070
589.82,1058
589.92,1080
590.03,1100
590.13,1082
590.24,1090
590.42,1079
590.53,1091
590.63,1075
590.74,1084
590.84,1092
591.07,1154
591.18,1072
591.28,1083
591.38,1095
591.49,1072
591.68,1093
591.78,1079
591.88,1089
591.99,1077
592.09,1100
592.32,1075
592.56,1080
592.67,1040
592.86,1102
592.96,1104
593.06,1143
593.17,1097
593.27,976
593.46,1025
593.56,1101
593.67,1075
593.77,1108
593.88,1124
594.06,1227
594.17,1094
594.27,882
594.38,1211
594.48,1036
594.66,1212
594.77,1072
594.87,880
594.98,1355
595.10,917
595.20,1068
595.39,1050
595.50,1166
595.60,1186
595.70,954
595.81,1132
596.00,1079
596.10,1148
596.20,1024
596.31,1079
596.41,1094
596.60,1056
596.70,956
596.81,1204
596.91,1089
597.02,1081
597.20,1038
597.31,1113
597.41,1026
597.52,1061
597.62,1169
597.83,1023
598.02,1099
598.12,1033
598.22,1075
598.33,1223
598.43,960
598.62,1189
598.72,1035
598.83,1322
598.93,887
599.04,1006
599.23,1106
599.34,1120
599.44,1023
599.54,1229
599.65,992
599.84,1036
599.94,1192
600.04,847
600.15,1019
600.25,1263
600.44,1113
600.57,1166
600.67,833
600.86,1047
600.97,925
601.07,1140
601.17,1356
601.28,1237
601.46,1105
601.57,1011
601.67,1199
601.78,1218
601.88,1187
602.08,942
602.18,1174
602.29,990
602.39,1451
602.50,934
602.68,1508
602.79,1057
602.89,1072
603.00,1066
603.12,1085
603.22,1022
603.33,1015
603.43,913
603.62,1411
603.72,1138
603.83,908
603.93,1109
604.04,1139
604.22,1041
604.33,1258
604.43,972
604.54,955
604.64,1086
604.83,1056
604.93,1293
605.04,913
605.14,1094
605.25,1118
605.47,1093
605.58,1090
605.68,889
605.80,1096
605.91,1379
606.01,793
606.12,1095
606.22,984
606.41,1215
606.51,997
606.62,1011
606.72,1097
606.82,1155
606.98,910
607.09,852
607.19,1233
607.30,948
607.40,1103
607.59,1327
607.69,1501
607.80,1153
607.90,967
608.00,1006
608.19,1175
608.30,1175
608.42,1107
608.61,1045
608.71,1266
608.82,1059
608.92,943
609.02,942
609.25,1351
609.35,986
609.46,1169
609.56,1353
609.66,967
609.85,900
609.96,893
610.06,1038
610.16,1449
610.27,1208
610.50,926
610.60,978
610.71,1018
610.81,1089
610.92,1058
611.10,960
611.23,1050
611.33,1126
611.52,1023
611.62,1193
611.73,947
611.83,1220
611.94,1166
612.12,953
612.23,1109
612.33,959
612.44,1173
612.54,1178
612.73,1165
612.83,1189
612.94,1572
613.04,780
613.14,683
613.35,1580
613.45,1180
613.56,845
613.66,1319
613.76,930
613.97,1090
614.20,677
614.30,1870
614.40,1844
614.51,1291
614.61,1012
614.80,1061
614.90,1199
615.01,1529
615.11,1328
615.22,1086
615.47,820
615.66,1213
615.76,1331
615.86,1088
615.97,911
616.07,834
616.26,1064
616.36,1135
616.47,1488
616.57,1447
616.68,986
616.88,847
617.07,974
617.18,984
617.28,1413
617.38,937
617.49,767
617.68,1225
617.78,1297
617.88,937
617.99,1424
618.09,1328
618.28,1122
618.38,935
618.49,885
618.59,1751
618.70,954
618.88,1160
618.99,1266
619.09,1156
619.20,1037
619.30,972
619.49,1330
619.61,1096
619.72,1030
619.90,984
620.01,1232
620.11,879
620.22,1175
620.32,998
620.54,668
620.64,1737
620.74,1378
620.85,978
620.95,1202
621.14,2046
621.24,1056
621.35,1065
621.45,968
621.56,1132
621.81,1528
622.00,963
622.10,1174
622.21,1096
622.31,1032
622.43,1052
622.54,1057
622.64,1041
622.74,1065
622.92,984
623.02,1070
623.12,1107
623.23,1053
623.33,1032
623.52,1069
623.63,1028
623.73,1037
623.84,1069
623.94,1054
624.13,1063
624.24,1076
624.42,1049
624.53,1066
624.63,1062
624.74,1057
624.84,1040
625.05,1066
625.24,1053
625.34,1062
625.44,1049
625.55,1061
625.65,1053
625.84,1058
625.94,1057
626.05,1058
626.15,1053
626.26,1058
626.44,1061
626.55,1066
626.65,1061
626.76,1053
626.86,1058
627.05,1045
627.15,1070
627.26,1061
627.36,1053
627.46,1058
627.66,1070
627.79,1049
627.89,1053
628.09,1057
628.19,1061
628.30,1058
628.40,1053
628.50,1054
628.69,1049
628.80,1057
628.90,1061
629.00,1057
629.11,1062
629.28,1054
629.38,1058
629.49,1053
629.59,1054
629.69,1058
629.88,1053
629.98,1057
630.09,1057
630.19,1062
630.32,1054
630.42,1062
630.52,1053
630.63,1062
630.82,1057
630.92,1061
631.03,1058
631.13,1058
631.23,1057
631.42,1061
631.52,1058
631.63,1061
631.73,1058
631.84,1045
632.02,1057
632.13,1058
632.23,1061
632.34,1062
632.44,1054
632.63,1058
632.73,1057
632.86,1053
633.04,1061
633.15,1062
633.25,1062
633.36,1057
633.46,1058
633.65,1053
633.75,1054
633.86,1058
633.96,1053
634.06,1066
634.29,1089
634.39,1091
634.50,1071
634.60,1057
634.70,1066
634.89,1061
635.00,1057
635.10,1047
635.20,1078
635.31,1081
635.52,1030
635.75,1072
635.85,1060
635.96,1065
636.14,1068
636.25,1074
636.35,1085
636.46,1056
636.56,1097
636.75,1060
636.86,1089
636.96,1161
637.06,1004
637.17,1036
637.36,1088
637.46,1032
637.56,1060
637.67,1029
637.77,1070
638.00,1056
638.11,1041
638.21,1040
638.34,1069
638.44,1061
638.55,1053
638.65,1069
638.75,1061
638.94,1060
639.04,1061
639.15,1057
639.25,1061
639.36,1053
639.54,1053
639.64,1061
639.74,1060
639.85,1061
639.95,1057
640.14,1061
640.24,1049
640.35,1057
640.45,1057
640.56,1052
640.73,1048
640.85,1057
640.96,1053
641.14,1057
641.25,1057
641.35,1061
641.46,1065
641.56,1061
641.75,1056
641.85,1057
641.96,1056
642.06,1052
642.16,1065
642.35,1061
642.46,1053
642.56,1061
642.67,1049
642.77,1053
642.97,1061
643.08,1056
643.18,1053
643.28,1056
643.39,1060
643.60,1069
643.80,1057
643.90,1053
644.01,1061
644.11,1040
644.22,1069
644.40,1057
644.51,1041
644.61,1048
644.72,1061
644.82,1045
645.03,1044
645.14,1069
645.24,1052
645.34,1052
645.45,1061
645.64,1061
645.74,1065
645.84,1061
645.95,1060
646.05,1029
646.35,1036
646.45,1057
646.64,1049
646.74,1061
646.85,1057
646.95,1045
647.06,1057
647.24,1077
647.35,1048
647.45,1053
647.56,1061
647.66,1073
647.85,1020
647.95,1070
648.06,1040
648.16,1065
648.26,1033
648.45,1056
648.56,1049
648.66,1077
648.76,1115
648.89,1024
648.99,1058
649.10,1102
649.20,1060
649.39,1057
649.49,1053
649.60,1053
649.70,1081
649.80,1077
649.99,1052
650.10,1070
650.20,1073
650.30,1024
650.41,1078
650.60,1024
650.70,1174
650.80,1048
650.91,1078
651.01,1053
651.20,1057
651.30,1038
651.41,1068
651.53,1042
651.64,1057
651.74,1048
651.84,1062
651.95,1061
652.12,1061
652.22,1069
652.32,1045
652.43,1037
652.53,1057
652.72,1057
652.82,1065
652.93,1057
653.03,1049
653.14,1061
653.32,1056
653.43,1061
653.53,1053
653.64,1082
653.74,1044
653.93,1057
654.05,1057
654.16,1061
654.34,1061
654.45,1061
654.55,1057
654.66,1057
654.76,1065
654.95,1057
655.05,1057
655.16,1061
655.26,1061
655.36,1057
655.55,1053
655.65,1057
655.76,1053
655.86,1049
655.96,1065
656.15,1061
656.26,1061
656.36,1057
656.46,1058
656.59,1057
656.69,1049
656.88,1053
656.99,1061
657.09,1057
657.20,1057
657.30,1057
657.49,1057
657.59,1053
657.70,1057
657.80,1057
657.90,1053
658.14,1060
658.24,1093
658.34,1052
658.45,1065
658.55,1053
658.74,1061
658.84,1052
658.95,1017
659.05,1073
659.16,1061
659.43,1037
659.62,1069
659.72,1072
659.83,1065
659.93,1048
660.04,1053
660.24,1056
660.34,1049
660.44,1057
660.55,1045
660.65,1061
660.84,1065
660.94,1052
661.05,1061
661.15,1041
661.26,1044
661.45,1061
661.55,1033
661.66,1061
661.76,1052
661.87,1033
662.08,1057
662.26,1057
662.37,1052
662.47,1061
662.58,1057
662.68,1053
662.87,1061
662.97,1061
663.08,1057
663.18,1052
663.28,1065
663.47,1053
663.58,1057
663.68,1049
663.78,1053
663.89,1049
664.08,1049
664.18,1053
664.28,1069
664.39,1073
664.49,1057
664.70,1061
664.89,1056
664.99,1057
665.10,1057
665.20,1057
665.30,1053
665.49,1049
665.60,1048
665.70,1061
665.80,1040
665.91,1082
666.09,1060
666.20,1066
666.30,1057
666.40,1040
666.51,1033
666.70,1040
666.80,1067
666.90,1052
667.01,1048
667.11,1070
667.28,1036
667.41,1062
667.51,1056
667.69,1040
667.79,1054
667.90,1056
668.00,1065
668.10,1066
668.29,1068
668.40,1049
668.50,1057
668.60,1036
668.71,1053
668.94,1049
669.05,1033
669.15,1053
669.26,1064
669.36,1053
669.55,1056
669.65,1057
669.76,1061
669.86,1069
669.98,1073
670.09,1065
670.28,1053
670.38,1053
670.48,1052
670.59,1037
670.69,1077
670.86,1037
670.96,1048
671.07,1061
671.17,1065
671.28,1050
671.46,1040
671.57,1046
671.67,1021
671.78,1065
671.88,1110
672.07,1049
672.17,1081
672.28,1072
672.38,1045
672.51,1061
672.61,1053
672.80,1061
672.90,1095
673.00,889
673.11,909
673.21,1136
673.41,1045
673.51,1060
673.62,1060
673.72,1053
673.82,1056
674.01,1003
674.12,988
674.22,1061
674.32,1070
674.43,1065
674.66,1040
674.76,1073
674.87,1065
674.97,1064
675.08,1060
675.28,1072
675.47,1068
675.58,1056
675.68,1053
675.78,1064
675.89,1068
676.08,1065
676.18,1061
676.28,1056
676.39,1056
676.49,1060
676.70,1036
676.80,940
676.91,1024
677.01,1190
677.12,1043
677.31,946
677.41,1308
677.51,1240
677.62,1107
677.72,1155
678.14,924
678.24,1178
678.35,1488
678.45,1117
678.56,1041
678.76,1180
678.86,1061
678.97,1056
679.07,984
679.18,1038
679.36,1025
679.47,1011
679.57,1091
679.68,1027
679.78,916
679.95,1090
680.05,1028
680.16,1047
680.26,1067
680.36,1006
680.55,1050
680.66,940
680.78,1063
680.97,1069
681.07,1041
681.18,1001
681.28,1038
681.38,1054
681.57,1057
681.68,1009
681.78,1052
681.88,1057
681.99,1033
682.18,1044
682.28,1064
682.38,1017
682.49,1014
682.59,1067
682.78,1018
682.88,1055
682.99,1060
683.09,1031
683.20,1049
683.40,1043
683.59,1011
683.70,1096
683.80,1059
683.91,1056
684.01,1068
684.20,1043
684.30,1033
684.40,1066
684.51,1055
684.61,997
684.80,1059
684.90,989
685.01,1118
685.11,1149
685.22,779
685.42,1261
685.53,1500
685.63,1438
685.74,1026
685.84,872
686.03,879
686.15,905
686.26,1154
686.44,1165
686.55,1193
686.65,1063
686.76,849
686.86,774
687.10,1697
687.20,1007
687.31,472
687.41,714
687.52,1457
687.70,856
687.81,728
687.91,885
688.02,864
688.12,897
688.35,1167
688.46,943
688.56,1214
688.66,1130
688.77,980
688.96,1308
689.08,1383
689.18,1319
689.28,812
689.47,552
689.58,1136
689.68,1763
689.78,1646
689.89,705
690.09,1252
690.19,703
690.30,950
690.40,1631
690.50,949
690.69,1682
690.80,1782
690.90,1293
691.00,958
691.11,1227
691.34,660
691.44,1045
691.55,1040
691.66,800
691.86,1134
691.96,1388
692.17,1405
692.27,1333
692.38,971
692.48,1053
692.58,1476
692.77,1282
692.88,1148
692.98,1026
693.08,1019
693.19,1183
693.38,1154
693.48,1250
693.58,1004
693.69,1172
693.79,1083
693.98,1045
694.08,1131
694.19,933
694.29,973
694.42,1459
694.52,991
694.62,982
694.73,1036
694.92,1551
695.02,868
695.13,677
695.23,837
695.33,1133
695.56,1013
695.66,1161
695.77,1140
695.87,1090
695.98,1063
696.16,1087
696.27,1022
696.37,1067
696.48,940
696.58,1130
696.75,1146
696.85,1034
696.96,986
697.08,1111
697.18,1085
697.29,1098
697.39,1069
697.50,1019
697.68,1053
697.79,1372
697.89,1218
698.00,1058
698.10,987
698.29,842
698.39,659
698.50,1227
698.60,1216
698.71,1242
698.87,1343
698.97,990
699.08,1100
699.18,1317
699.28,995
699.47,1937
699.58,497
699.70,328
699.89,1199
699.99,1174
700.10,815
700.20,472
700.30,391
700.59,2110
700.69,1088
700.88,678
700.98,822
701.09,1305
701.19,1441
701.30,1188
701.48,1451
701.59,940
701.69,911
701.80,1067
701.90,787
702.09,659
702.19,1050
702.30,1780
702.40,923
702.52,1010
702.63,967
702.73,1196
702.84,1264
703.01,885
703.11,947
703.22,1511
703.32,1097
703.42,1136
703.61,1087
703.72,1023
703.82,522
703.92,644
704.03,1511
704.20,1182
704.30,820
704.41,678
704.51,1682
704.62,1845
704.80,362
704.91,808
705.01,2151
705.14,1296
705.24,870
705.34,811
705.53,1119
705.64,891
705.74,2082
705.84,898
705.95,200
706.12,1314
706.22,1054
706.33,1089
706.43,1795
706.54,678
706.72,1056
706.83,1204
706.93,979
707.04,1176
707.14,1933
707.42,836
707.52,1194
707.62,1051
707.73,1287
707.94,728
708.10,1004
708.20,960
708.31,1017
708.41,1118
708.52,1168
708.70,805
708.81,1100
708.91,1035
709.02,1054
709.12,1179
709.38,1303
709.56,1299
709.67,839
709.77,1079
709.88,1057
709.98,1107
710.17,780
710.27,1042
710.38,959
710.48,1214
710.58,1031
710.79,1384
710.98,1122
711.08,989
711.19,1036
711.29,1004
711.40,1070
711.58,1020
711.69,968
711.79,905
711.90,1314
712.00,937
712.19,1632
712.29,1178
712.40,955
712.50,1305
712.60,940
712.87,1136
713.06,1284
713.16,845
713.27,1041
713.37,1058
713.48,1140
713.68,1017
713.87,884
713.98,1083
714.08,966
714.18,1393
714.29,1288
714.48,975
714.58,1111
714.68,1089
714.79,1517
714.89,1251
715.00,1288
715.10,1174
715.20,988
715.31,1090
715.41,848
715.52,1229
715.62,1706
715.72,773
715.83,1561
715.93,1115
716.04,1127
716.16,849
716.26,1300
716.37,1059
716.47,573
716.58,944
716.68,1117
716.78,1175
716.89,915
716.99,903
717.10,1163
717.20,918
717.30,589
717.41,1516
717.51,1335
717.62,636
717.72,1094
717.82,1443
717.93,880
718.03,1063
718.14,699
718.24,1277
718.34,1073
718.47,1064
718.57,1072
718.68,1076
718.78,1154
718.88,1072
718.99,1050
719.09,1062
719.20,1055
719.30,1062
719.40,1078
719.51,1086
719.61,1028
719.72,1155
719.82,1096
719.92,1083
720.03,1076
720.13,1063
720.24,1055
720.34,1076
720.44,1067
720.55,1061
720.78,1077
720.88,1053
720.98,1075
721.09,1057
721.19,1067
721.30,1059
721.40,1039
721.50,1085
721.61,1074
721.71,1068
721.82,1053
721.92,1061
722.02,1065
722.13,1065
722.23,1043
722.34,1075
722.44,1083
722.54,1102
722.65,1053
722.75,1067
722.86,1056
722.96,1074
723.08,1030
723.19,1080
723.29,1051
723.40,1078
723.50,1066
723.60,1093
723.71,1054
723.81,1082
723.92,1065
724.02,1071
724.12,1062
724.23,1072
724.33,1067
724.44,1074
724.54,1053
724.64,1058
724.75,1067
724.85,1076
